{"components": [{"bom-ref": "BomRef.22881882658538366.5764877196265857", "name": "Jinja2", "type": "library", "version": "3.1.6"}, {"bom-ref": "BomRef.42608803574903653.7891271321615129", "name": "MarkupSafe", "type": "library", "version": "3.0.3"}, {"bom-ref": "BomRef.9218365395198752.8088206032631582", "name": "PyYAML", "type": "library", "version": "6.0.3"}, {"bom-ref": "BomRef.5655756309397449.13135106255764162", "name": "Pygments", "type": "library", "version": "2.19.2"}, {"bom-ref": "BomRef.2664940196980432.41545479810048647", "name": "Sphinx", "type": "library", "version": "8.1.3"}, {"bom-ref": "BomRef.6664411889271464.22869731009228256", "name": "alabaster", "type": "library", "version": "1.0.0"}, {"bom-ref": "BomRef.7148271548049643.22738512341142392", "name": "annotated-doc", "type": "library", "version": "0.0.4"}, {"bom-ref": "BomRef.29764223726582695.26599300666535497", "name": "annotated-types", "type": "library", "version": "0.7.0"}, {"bom-ref": "BomRef.18627137480614808.27501767689903334", "name": "anyio", "type": "library", "version": "4.12.0"}, {"bom-ref": "BomRef.07335097570481541.21844718505373817", "name": "babel", "type": "library", "version": "2.17.0"}, {"bom-ref": "BomRef.8653303152133545.5837116957830487", "name": "certifi", "type": "library", "version": "2025.11.12"}, {"bom-ref": "BomRef.4613256822312366.08962846426130422", "name": "charset-normalizer", "type": "library", "version": "3.4.4"}, {"bom-ref": "BomRef.6584007014315806.27117562975114196", "name": "click", "type": "library", "version": "8.3.1"}, {"bom-ref": "BomRef.08987406034037004.8859138390434413", "name": "colorama", "type": "library", "version": "0.4.6"}, {"bom-ref": "BomRef.7647914428150341.5480615789297937", "name": "defusedxml", "type": "library", "version": "0.7.1"}, {"bom-ref": "BomRef.364791109132267.510166702619478", "name": "docutils", "type": "library", "version": "0.21.2"}, {"bom-ref": "BomRef.7783331847008809.23493074269758896", "name": "fastapi", "type": "library", "version": "0.124.4"}, {"bom-ref": "BomRef.39735130918955097.7513377217272033", "name": "h11", "type": "library", "version": "0.16.0"}, {"bom-ref": "BomRef.5862822825022024.6722741040601449", "name": "httptools", "type": "library", "version": "0.7.1"}, {"bom-ref": "BomRef.1453933495460893.8634416590202012", "name": "idna", "type": "library", "version": "3.11"}, {"bom-ref": "BomRef.6161496618708993.9730867790604791", "name": "imagesize", "type": "library", "version": "1.4.1"}, {"bom-ref": "BomRef.24042961201108504.31236239892559314", "name": "packaging", "type": "library", "version": "25.0"}, {"bom-ref": "BomRef.016248852133089575.1502574446999989", "name": "pdfservices-sdk", "type": "library", "version": "4.2.0"}, {"bom-ref": "BomRef.06583939107936077.3660486546464732", "name": "pydantic", "type": "library", "version": "2.12.5"}, {"bom-ref": "BomRef.5006106651934579.12966418090844622", "name": "pydantic_core", "type": "library", "version": "2.41.5"}, {"bom-ref": "BomRef.8552782178104245.6809213674672816", "name": "python-dotenv", "type": "library", "version": "1.2.1"}, {"bom-ref": "BomRef.8762041575625853.7015279097393164", "name": "python-multipart", "type": "library", "version": "0.0.20"}, {"bom-ref": "BomRef.6390623606142212.3027861968907928", "name": "requests", "type": "library", "version": "2.32.5"}, {"bom-ref": "BomRef.5723559282855335.38051623125831013", "name": "snowballstemmer", "type": "library", "version": "3.0.1"}, {"bom-ref": "BomRef.22409931115759596.5361191317344453", "name": "sphinx-rtd-theme", "type": "library", "version": "3.0.2"}, {"bom-ref": "BomRef.9507535183630964.18146019937583024", "name": "sphinxcontrib-applehelp", "type": "library", "version": "2.0.0"}, {"bom-ref": "BomRef.5877319845283437.6116367039290078", "name": "sphinxcontrib-devhelp", "type": "library", "version": "2.0.0"}, {"bom-ref": "BomRef.47126562680392226.8231145993089777", "name": "sphinxcontrib-htmlhelp", "type": "library", "version": "2.1.0"}, {"bom-ref": "BomRef.05115304052323344.15404087156636592", "name": "sphinxcontrib-jquery", "type": "library", "version": "4.1"}, {"bom-ref": "BomRef.5227547160066237.24962886189189104", "name": "sphinxcontrib-jsmath", "type": "library", "version": "1.0.1"}, {"bom-ref": "BomRef.8436266028390111.2589870280672504", "name": "sphinxcontrib-qthelp", "type": "library", "version": "2.0.0"}, {"bom-ref": "BomRef.0013099836076161386.15782677071640394", "name": "sphinxcontrib-serializinghtml", "type": "library", "version": "2.0.0"}, {"bom-ref": "BomRef.1964457983775888.3768378079452104", "name": "starlette", "type": "library", "version": "0.50.0"}, {"bom-ref": "BomRef.9748264775792413.2628242473794671", "name": "typing-inspection", "type": "library", "version": "0.4.2"}, {"bom-ref": "BomRef.4409141405445891.8159579210532338", "name": "typing_extensions", "type": "library", "version": "4.15.0"}, {"bom-ref": "BomRef.3909209669362481.9557092529454964", "name": "urllib3", "type": "library", "version": "2.6.2"}, {"bom-ref": "BomRef.3060523179777205.22045239531086414", "name": "uvicorn", "type": "library", "version": "0.38.0"}, {"bom-ref": "BomRef.9283783684399097.07634908523071904", "name": "watchfiles", "type": "library", "version": "1.1.1"}, {"bom-ref": "BomRef.2357128787513606.6482190143741047", "name": "websockets", "type": "library", "version": "15.0.1"}], "dependencies": [{"ref": "BomRef.22881882658538366.5764877196265857"}, {"ref": "BomRef.42608803574903653.7891271321615129"}, {"ref": "BomRef.9218365395198752.8088206032631582"}, {"ref": "BomRef.5655756309397449.13135106255764162"}, {"ref": "BomRef.2664940196980432.41545479810048647"}, {"ref": "BomRef.6664411889271464.22869731009228256"}, {"ref": "BomRef.7148271548049643.22738512341142392"}, {"ref": "BomRef.29764223726582695.26599300666535497"}, {"ref": "BomRef.18627137480614808.27501767689903334"}, {"ref": "BomRef.07335097570481541.21844718505373817"}, {"ref": "BomRef.8653303152133545.5837116957830487"}, {"ref": "BomRef.4613256822312366.08962846426130422"}, {"ref": "BomRef.6584007014315806.27117562975114196"}, {"ref": "BomRef.08987406034037004.8859138390434413"}, {"ref": "BomRef.7647914428150341.5480615789297937"}, {"ref": "BomRef.364791109132267.510166702619478"}, {"ref": "BomRef.7783331847008809.23493074269758896"}, {"ref": "BomRef.39735130918955097.7513377217272033"}, {"ref": "BomRef.5862822825022024.6722741040601449"}, {"ref": "BomRef.1453933495460893.8634416590202012"}, {"ref": "BomRef.6161496618708993.9730867790604791"}, {"ref": "BomRef.24042961201108504.31236239892559314"}, {"ref": "BomRef.016248852133089575.1502574446999989"}, {"ref": "BomRef.06583939107936077.3660486546464732"}, {"ref": "BomRef.5006106651934579.12966418090844622"}, {"ref": "BomRef.8552782178104245.6809213674672816"}, {"ref": "BomRef.8762041575625853.7015279097393164"}, {"ref": "BomRef.6390623606142212.3027861968907928"}, {"ref": "BomRef.5723559282855335.38051623125831013"}, {"ref": "BomRef.22409931115759596.5361191317344453"}, {"ref": "BomRef.9507535183630964.18146019937583024"}, {"ref": "BomRef.5877319845283437.6116367039290078"}, {"ref": "BomRef.47126562680392226.8231145993089777"}, {"ref": "BomRef.05115304052323344.15404087156636592"}, {"ref": "BomRef.5227547160066237.24962886189189104"}, {"ref": "BomRef.8436266028390111.2589870280672504"}, {"ref": "BomRef.0013099836076161386.15782677071640394"}, {"ref": "BomRef.1964457983775888.3768378079452104"}, {"ref": "BomRef.9748264775792413.2628242473794671"}, {"ref": "BomRef.4409141405445891.8159579210532338"}, {"ref": "BomRef.3909209669362481.9557092529454964"}, {"ref": "BomRef.3060523179777205.22045239531086414"}, {"ref": "BomRef.9283783684399097.07634908523071904"}, {"ref": "BomRef.2357128787513606.6482190143741047"}], "metadata": {"timestamp": "2025-12-13T11:44:10.007693+00:00"}, "serialNumber": "urn:uuid:17681f44-6e6c-43f6-96be-767c43050278", "version": 1, "$schema": "http://cyclonedx.org/schema/bom-1.4.schema.json", "bomFormat": "CycloneDX", "specVersion": "1.4"}
